"LABEL-FAPP-info","Name","Value"
"FAPP-info","Profiler version","4.2.5"
"FAPP-info","CSV version","2"
"FAPP-info","Measured time","Fri Jan 28 15:17:03 2022"
"FAPP-info","Type of program","Thread (OpenMP)  48"
"FAPP-info","Virtual coordinate","-"
"FAPP-info","Timer clock frequency","100000000"
"FAPP-info","Vector length","512"
"LABEL-FAPP-cpu-freq","Spawn","Process-start","Process-end","Frequency"
"FAPP-cpu-freq","0","0","0","2000"
"LABEL-FAPP-core","Spawn","Process","Thread","Node","CMG","Core"
"FAPP-core","0","0","0","i25-4109c","0","12"
"FAPP-core","0","0","1","i25-4109c","0","13"
"FAPP-core","0","0","2","i25-4109c","0","14"
"FAPP-core","0","0","3","i25-4109c","0","15"
"FAPP-core","0","0","4","i25-4109c","0","16"
"FAPP-core","0","0","5","i25-4109c","0","17"
"FAPP-core","0","0","6","i25-4109c","0","18"
"FAPP-core","0","0","7","i25-4109c","0","19"
"FAPP-core","0","0","8","i25-4109c","0","20"
"FAPP-core","0","0","9","i25-4109c","0","21"
"FAPP-core","0","0","10","i25-4109c","0","22"
"FAPP-core","0","0","11","i25-4109c","0","23"
"FAPP-core","0","0","12","i25-4109c","1","24"
"FAPP-core","0","0","13","i25-4109c","1","25"
"FAPP-core","0","0","14","i25-4109c","1","26"
"FAPP-core","0","0","15","i25-4109c","1","27"
"FAPP-core","0","0","16","i25-4109c","1","28"
"FAPP-core","0","0","17","i25-4109c","1","29"
"FAPP-core","0","0","18","i25-4109c","1","30"
"FAPP-core","0","0","19","i25-4109c","1","31"
"FAPP-core","0","0","20","i25-4109c","1","32"
"FAPP-core","0","0","21","i25-4109c","1","33"
"FAPP-core","0","0","22","i25-4109c","1","34"
"FAPP-core","0","0","23","i25-4109c","1","35"
"FAPP-core","0","0","24","i25-4109c","2","36"
"FAPP-core","0","0","25","i25-4109c","2","37"
"FAPP-core","0","0","26","i25-4109c","2","38"
"FAPP-core","0","0","27","i25-4109c","2","39"
"FAPP-core","0","0","28","i25-4109c","2","40"
"FAPP-core","0","0","29","i25-4109c","2","41"
"FAPP-core","0","0","30","i25-4109c","2","42"
"FAPP-core","0","0","31","i25-4109c","2","43"
"FAPP-core","0","0","32","i25-4109c","2","44"
"FAPP-core","0","0","33","i25-4109c","2","45"
"FAPP-core","0","0","34","i25-4109c","2","46"
"FAPP-core","0","0","35","i25-4109c","2","47"
"FAPP-core","0","0","36","i25-4109c","3","48"
"FAPP-core","0","0","37","i25-4109c","3","49"
"FAPP-core","0","0","38","i25-4109c","3","50"
"FAPP-core","0","0","39","i25-4109c","3","51"
"FAPP-core","0","0","40","i25-4109c","3","52"
"FAPP-core","0","0","41","i25-4109c","3","53"
"FAPP-core","0","0","42","i25-4109c","3","54"
"FAPP-core","0","0","43","i25-4109c","3","55"
"FAPP-core","0","0","44","i25-4109c","3","56"
"FAPP-core","0","0","45","i25-4109c","3","57"
"FAPP-core","0","0","46","i25-4109c","3","58"
"FAPP-core","0","0","47","i25-4109c","3","59"
"LABEL-FAPP-time-stat","Spawn","Process","Name","Number","Elapsed","User","System","Call"
"FAPP-time-stat","0","0","all","0","2.858072","-","-","1"
"FAPP-time-stat","0","0","kernel","1","0.092290","-","-","840"
"FAPP-time-stat","0","0","packB","1","0.123734","-","-","840"
"LABEL-FAPP-cpupa","Level","Spawn","Process","Thread","Region_name","Region_number","Call","CNTVCT","PMCCNTR","0x0309","0x0396","0x0370","0x0121","0x0318","0x0319","0x031a","0x031b"
"FAPP-cpupa","Process","0","0","-","all","0","48","1723322528","33912404149","2818601372","153028919","120253810","28478430722","401335205","355755935","360210709","355949413"
"FAPP-cpupa","Thread","0","0","0","all","0","1","285811424","5236163369","59776716","3445022","2813221","4293341250","26121709","16811536","16701160","16945695"
"FAPP-cpupa","Thread","0","0","1","all","0","1","30583744","611641716","59020505","3438735","2802298","509769644","23795628","16770169","16673533","16926216"
"FAPP-cpupa","Thread","0","0","2","all","0","1","30122976","602356430","59015080","3438595","2802103","510297637","23790551","16768602","16672368","16924899"
"FAPP-cpupa","Thread","0","0","3","all","0","1","30185056","602565327","58950606","3436417","2801653","510263413","23767099","16761768","16665073","16918565"
"FAPP-cpupa","Thread","0","0","4","all","0","1","30273600","605435783","59018640","3438711","2802233","509751128","23793599","16769602","16673003","16925657"
"FAPP-cpupa","Thread","0","0","5","all","0","1","30122304","600229337","58948560","3436327","2801492","510040526","23764870","16761212","16663823","16917730"
"FAPP-cpupa","Thread","0","0","6","all","0","1","30116736","602187237","59006893","3438115","2802022","510602660","23786176","16768202","16671741","16924211"
"FAPP-cpupa","Thread","0","0","7","all","0","1","30248192","603836320","59016820","3438619","2802065","509927320","23791673","16768945","16671960","16924854"
"FAPP-cpupa","Thread","0","0","8","all","0","1","30064160","601248613","59015846","3438666","2802141","510223615","23790398","16768815","16672353","16925076"
"FAPP-cpupa","Thread","0","0","9","all","0","1","30076192","601489165","59015909","3438668","2802144","510652365","23790480","16768866","16672374","16925087"
"FAPP-cpupa","Thread","0","0","10","all","0","1","36658304","733128089","59021579","3438772","2802328","510930329","23797273","16771068","16674195","16926252"
"FAPP-cpupa","Thread","0","0","11","all","0","1","30198624","603936412","59017463","3438698","2802197","509813599","23792271","16769220","16672741","16925375"
"FAPP-cpupa","Thread","0","0","12","all","0","1","30255648","589078069","58524221","3051501","2323380","594189588","3146757","12260857","267165","60413"
"FAPP-cpupa","Thread","0","0","13","all","0","1","30073696","601439638","58595323","3052978","2323826","510512164","3148720","12274571","267168","60328"
"FAPP-cpupa","Thread","0","0","14","all","0","1","30313152","605142007","58597224","3052940","2323775","510328796","3149960","12274275","267486","60972"
"FAPP-cpupa","Thread","0","0","15","all","0","1","30347296","606907724","58599477","3053055","2323973","510138673","3150455","12275624","268025","61119"
"FAPP-cpupa","Thread","0","0","16","all","0","1","30070432","601374551","58595244","3052970","2323821","509850850","3148697","12274566","267154","60326"
"FAPP-cpupa","Thread","0","0","17","all","0","1","30211136","602015741","58522456","3051407","2323183","511243548","3146151","12261313","266576","60204"
"FAPP-cpupa","Thread","0","0","18","all","0","1","30215072","604266291","58596999","3053016","2323884","509918909","3149484","12274938","267577","60657"
"FAPP-cpupa","Thread","0","0","19","all","0","1","36662656","732135283","58531778","3051556","2323911","510778982","3148546","12264183","269540","61070"
"FAPP-cpupa","Thread","0","0","20","all","0","1","30062976","600129766","58593640","3052873","2323659","510258339","3148385","12273499","266705","60211"
"FAPP-cpupa","Thread","0","0","21","all","0","1","30063584","601237257","58595217","3052967","2323818","510198091","3148689","12274566","267148","60326"
"FAPP-cpupa","Thread","0","0","22","all","0","1","30246912","603805660","58596156","3052933","2323761","510066589","3149468","12274081","267276","60626"
"FAPP-cpupa","Thread","0","0","23","all","0","1","30071232","601389153","58595261","3052974","2323821","510656410","3148705","12274566","267157","60326"
"FAPP-cpupa","Thread","0","0","24","all","0","1","30124384","595478625","58488401","3147002","2399408","587449551","3226004","575284","12683002","421051"
"FAPP-cpupa","Thread","0","0","25","all","0","1","30187456","602597245","58550237","3148597","2399985","511105241","3228970","576180","12696425","421673"
"FAPP-cpupa","Thread","0","0","26","all","0","1","30232960","603541127","58550905","3148612","2400003","509913291","3229278","576401","12696430","421829"
"FAPP-cpupa","Thread","0","0","27","all","0","1","30075680","600336091","58486703","3146928","2399241","511284738","3225651","575027","12683280","420610"
"FAPP-cpupa","Thread","0","0","28","all","0","1","36679904","733559409","58561776","3148780","2400800","511319993","3231490","579293","12698906","423120"
"FAPP-cpupa","Thread","0","0","29","all","0","1","30067328","601310859","58551948","3148680","2400240","510255692","3228677","576233","12697738","421323"
"FAPP-cpupa","Thread","0","0","30","all","0","1","30217888","603238823","58489722","3147026","2399459","511403599","3226673","575572","12683935","421519"
"FAPP-cpupa","Thread","0","0","31","all","0","1","30148736","602881560","58552128","3148651","2400160","510285514","3228975","576389","12697272","421564"
"FAPP-cpupa","Thread","0","0","32","all","0","1","30328448","606533647","58556197","3148757","2400408","511654897","3230441","577270","12698023","422611"
"FAPP-cpupa","Thread","0","0","33","all","0","1","30066592","601297283","58551940","3148680","2400239","510613897","3228674","576232","12697738","421323"
"FAPP-cpupa","Thread","0","0","34","all","0","1","30112832","602218957","58552546","3148695","2400268","510588176","3228909","576381","12697761","421541"
"FAPP-cpupa","Thread","0","0","35","all","0","1","30086400","600611044","58548823","3148571","2399931","511591677","3228396","575907","12696397","421082"
"FAPP-cpupa","Thread","0","0","36","all","0","1","30163552","579370656","58721050","3113392","2494794","542538861","3086290","26804","382288","12259105"
"FAPP-cpupa","Thread","0","0","37","all","0","1","30074784","600369227","58717755","3113241","2494460","509806810","3085575","26744","382410","12258745"
"FAPP-cpupa","Thread","0","0","38","all","0","1","30083936","600505965","58656371","3111668","2493839","510732455","3083848","26772","381964","12244877"
"FAPP-cpupa","Thread","0","0","39","all","0","1","30080640","601578628","58719692","3113359","2494742","511413001","3085803","26848","382576","12259888"
"FAPP-cpupa","Thread","0","0","40","all","0","1","30287616","605715613","58723460","3113434","2494891","511412444","3087231","27710","383314","12260015"
"FAPP-cpupa","Thread","0","0","41","all","0","1","30090624","600687719","58718040","3113251","2494484","511762405","3085647","26784","382456","12258783"
"FAPP-cpupa","Thread","0","0","42","all","0","1","30073056","600322281","58656358","3111669","2493855","509548028","3083825","26750","381945","12244877"
"FAPP-cpupa","Thread","0","0","43","all","0","1","30210112","601987311","58656860","3111608","2493709","510568468","3084465","27122","382205","12243918"
"FAPP-cpupa","Thread","0","0","44","all","0","1","30250112","603874501","58720527","3113292","2494581","510073738","3086672","27311","382943","12258846"
"FAPP-cpupa","Thread","0","0","45","all","0","1","30285440","605672631","58723370","3113430","2494887","510009032","3087208","27686","383305","12260012"
"FAPP-cpupa","Thread","0","0","46","all","0","1","30257632","605115993","58722529","3113414","2494859","509687543","3086921","27424","383144","12259991"
"FAPP-cpupa","Thread","0","0","47","all","0","1","30081312","600460016","58656421","3111667","2493858","509657246","3083838","26767","381951","12244915"
"FAPP-cpupa","Process","0","0","-","kernel","1","40320","564498304","9909940085","1347083892","40118939","17521138","21620741712","245410299","85560761","89760558","83148798"
"FAPP-cpupa","Thread","0","0","0","kernel","1","840","11968800","211749126","28299143","1138192","356500","450131360","12930139","3478573","3446292","3483643"
"FAPP-cpupa","Thread","0","0","1","kernel","1","840","11986112","212105918","28308560","1138806","359148","450251207","12936455","3484559","3452576","3488820"
"FAPP-cpupa","Thread","0","0","2","kernel","1","840","12048352","212760448","28342949","1140286","367743","450383236","12915790","3479067","3458786","3491531"
"FAPP-cpupa","Thread","0","0","3","kernel","1","840","12029440","212776768","28329927","1139863","368050","450374294","12913795","3480671","3457792","3490367"
"FAPP-cpupa","Thread","0","0","4","kernel","1","840","11974592","211750492","28319235","1139728","360497","450242414","12936772","3485111","3454310","3490070"
"FAPP-cpupa","Thread","0","0","5","kernel","1","840","12056928","212906624","28329938","1138003","373777","450318829","12892646","3468843","3462403","3491778"
"FAPP-cpupa","Thread","0","0","6","kernel","1","840","12019328","212180148","28311013","1138361","364662","450458195","12914104","3477138","3458945","3491110"
"FAPP-cpupa","Thread","0","0","7","kernel","1","840","12059616","212783119","28358037","1140323","372871","450290811","12909493","3476549","3469781","3499309"
"FAPP-cpupa","Thread","0","0","8","kernel","1","840","12091104","213079191","28246401","1134374","373608","450360949","12855000","3451499","3468970","3492620"
"FAPP-cpupa","Thread","0","0","9","kernel","1","840","12136544","214389960","28369458","1141362","380946","450473324","12898054","3472617","3475613","3505007"
"FAPP-cpupa","Thread","0","0","10","kernel","1","840","12100704","213043554","28063049","1126051","369604","450541181","12793514","3423327","3465124","3481743"
"FAPP-cpupa","Thread","0","0","11","kernel","1","840","12062016","213300066","28355204","1140257","375426","450263240","12913620","3479525","3470685","3499515"
"FAPP-cpupa","Thread","0","0","12","kernel","1","840","11599232","203509343","27981525","748478","324495","450429401","2507094","3240701","162884","23513"
"FAPP-cpupa","Thread","0","0","13","kernel","1","840","11603552","203658124","28026358","750991","326381","450439140","2509553","3249102","162981","23921"
"FAPP-cpupa","Thread","0","0","14","kernel","1","840","11593216","203220208","28015718","750033","326890","450392228","2507696","3249036","162695","23798"
"FAPP-cpupa","Thread","0","0","15","kernel","1","840","11574880","203017638","28011307","750804","327228","450346251","2507723","3253653","162719","23991"
"FAPP-cpupa","Thread","0","0","16","kernel","1","840","11622080","203839238","28036941","751428","332181","450287687","2508759","3249523","162762","24084"
"FAPP-cpupa","Thread","0","0","17","kernel","1","840","11598848","203262423","27975303","747772","319818","450638381","2504403","3240691","162614","23408"
"FAPP-cpupa","Thread","0","0","18","kernel","1","840","11583232","202922552","28033098","751113","331988","450309208","2508114","3248936","162826","23904"
"FAPP-cpupa","Thread","0","0","19","kernel","1","840","11623424","203265208","27999644","749658","336637","450522244","2505167","3239857","162671","24000"
"FAPP-cpupa","Thread","0","0","20","kernel","1","840","11624000","203354645","28012059","749643","337677","450389417","2505646","3249125","162651","24153"
"FAPP-cpupa","Thread","0","0","21","kernel","1","840","11669632","203882426","27977461","748824","344926","450379578","2501436","3248761","162373","24417"
"FAPP-cpupa","Thread","0","0","22","kernel","1","840","11593248","202966975","28013174","748751","327976","450345655","2505609","3249802","162485","23748"
"FAPP-cpupa","Thread","0","0","23","kernel","1","840","11645408","203785905","28026456","751165","337377","450494055","2506898","3249358","162784","24222"
"FAPP-cpupa","Thread","0","0","24","kernel","1","840","11682656","204737581","28035323","751422","385055","450560799","2493756","401307","3546586","186542"
"FAPP-cpupa","Thread","0","0","25","kernel","1","840","11668704","204629005","28058429","752792","384196","450594076","2494654","400927","3559729","185930"
"FAPP-cpupa","Thread","0","0","26","kernel","1","840","11675584","204514615","28056123","752562","384124","450307338","2493560","401414","3559601","184046"
"FAPP-cpupa","Thread","0","0","27","kernel","1","840","11683552","204704978","28041976","752464","386566","450649193","2493744","401403","3546537","186883"
"FAPP-cpupa","Thread","0","0","28","kernel","1","840","11677600","204551609","28064231","753495","387494","450652851","2493949","402998","3559543","189033"
"FAPP-cpupa","Thread","0","0","29","kernel","1","840","11660352","204194128","28062917","753326","386257","450394454","2493911","402212","3559510","189095"
"FAPP-cpupa","Thread","0","0","30","kernel","1","840","11688160","203936597","28046565","752384","397039","450679433","2489977","405876","3545739","198344"
"FAPP-cpupa","Thread","0","0","31","kernel","1","840","11662272","204360750","28062234","753385","387631","450400185","2493087","402890","3559363","190951"
"FAPP-cpupa","Thread","0","0","32","kernel","1","840","11678016","204290738","28083655","753945","396901","450738531","2495414","407231","3558968","200663"
"FAPP-cpupa","Thread","0","0","33","kernel","1","840","11704000","204620076","28077495","754455","396183","450482426","2493462","407167","3558743","199843"
"FAPP-cpupa","Thread","0","0","34","kernel","1","840","11668256","204356600","28077277","754176","391196","450477465","2495320","404634","3559307","195729"
"FAPP-cpupa","Thread","0","0","35","kernel","1","840","11738528","205090763","28087495","755908","405949","450726175","2494889","410632","3558778","210166"
"FAPP-cpupa","Thread","0","0","36","kernel","1","840","11685568","205472938","27881708","702251","366912","450242335","2550891","7229","299860","3224150"
"FAPP-cpupa","Thread","0","0","37","kernel","1","840","11689888","205607788","27880112","702425","366424","450279618","2550820","7221","299919","3225383"
"FAPP-cpupa","Thread","0","0","38","kernel","1","840","11688224","204947254","27842351","698347","357043","450510146","2548289","7144","299239","3211308"
"FAPP-cpupa","Thread","0","0","39","kernel","1","840","11676256","204181306","27889358","703150","370441","450683389","2549323","7123","299592","3224442"
"FAPP-cpupa","Thread","0","0","40","kernel","1","840","11693696","205117368","27882307","702247","366896","450677236","2550418","7141","299707","3225109"
"FAPP-cpupa","Thread","0","0","41","kernel","1","840","11736032","205545748","27904688","703722","375791","450769164","2549795","7199","299687","3222628"
"FAPP-cpupa","Thread","0","0","42","kernel","1","840","11687968","205112275","27884773","701725","368927","450215211","2550877","7172","299307","3210904"
"FAPP-cpupa","Thread","0","0","43","kernel","1","840","11714720","205418885","27896868","702723","372325","450470422","2551063","7183","299245","3210410"
"FAPP-cpupa","Thread","0","0","44","kernel","1","840","11701824","205134446","27870024","700968","369180","450341062","2548033","7068","299578","3224641"
"FAPP-cpupa","Thread","0","0","45","kernel","1","840","11694368","204731202","27869658","701017","370469","450332443","2548044","7119","299561","3224663"
"FAPP-cpupa","Thread","0","0","46","kernel","1","840","11737568","205506014","27904556","704022","375828","450252345","2550490","7255","299638","3224765"
"FAPP-cpupa","Thread","0","0","47","kernel","1","840","11740224","205667322","27881811","701762","375905","450243130","2549053","7192","299099","3210498"
"FAPP-cpupa","Process","0","0","-","packB","1","40320","725151232","13151772162","1425921248","110971579","92780515","1887669026","141284986","263951510","265386783","266865010"
"FAPP-cpupa","Thread","0","0","0","packB","1","840","14985312","272639598","29701672","2254309","2260265","235709301","10359696","13046116","13036864","13255359"
"FAPP-cpupa","Thread","0","0","1","packB","1","840","15039360","273894043","29728254","2256487","2267267","33882786","10373370","13068651","13039104","13255904"
"FAPP-cpupa","Thread","0","0","2","packB","1","840","15024896","273103350","29715291","2255194","2264148","34014623","10367269","13045327","13036495","13254140"
"FAPP-cpupa","Thread","0","0","3","packB","1","840","14963040","272117176","29673761","2254492","2264010","34005006","10362261","13048165","13033767","13250977"
"FAPP-cpupa","Thread","0","0","4","packB","1","840","15051456","273857290","29727267","2256355","2266076","33894696","10371262","13064617","13041009","13257246"
"FAPP-cpupa","Thread","0","0","5","packB","1","840","14909152","270672146","29641338","2248547","2261207","33949482","10360189","13033213","13035798","13249487"
"FAPP-cpupa","Thread","0","0","6","packB","1","840","15003968","272489804","29703336","2251252","2265806","34089042","10373117","13050088","13039387","13252434"
"FAPP-cpupa","Thread","0","0","7","packB","1","840","14948288","271418945","29708184","2252774","2266292","33920693","10371828","13023912","13037025","13252194"
"FAPP-cpupa","Thread","0","0","8","packB","1","840","15016576","272442510","29674375","2247880","2262732","34013412","10373508","13005966","13034728","13248153"
"FAPP-cpupa","Thread","0","0","9","packB","1","840","14964640","271817262","29654029","2244315","2260328","34103088","10367986","12984365","13030385","13241265"
"FAPP-cpupa","Thread","0","0","10","packB","1","840","15019616","271867325","29599247","2237006","2252479","34170763","10362540","12973323","13030853","13240830"
"FAPP-cpupa","Thread","0","0","11","packB","1","840","14981600","272457078","29683512","2250180","2261948","33893232","10367509","13029870","13035785","13251133"
"FAPP-cpupa","Thread","0","0","12","packB","1","840","15135936","275462227","29628763","2262448","1783705","67495379","472250","8848364","58352","8169"
"FAPP-cpupa","Thread","0","0","13","packB","1","840","15208384","276640454","29680723","2264570","1786231","34067066","474451","8853176","58971","8181"
"FAPP-cpupa","Thread","0","0","14","packB","1","840","15151488","275554277","29669114","2262944","1784195","34020653","473975","8850342","58547","8086"
"FAPP-cpupa","Thread","0","0","15","packB","1","840","15233216","277150282","29692488","2264914","1787086","33975533","475385","8853526","59219","8281"
"FAPP-cpupa","Thread","0","0","16","packB","1","840","15192288","276194921","29669734","2262412","1785759","33861227","473852","8854449","58794","8048"
"FAPP-cpupa","Thread","0","0","17","packB","1","840","15090816","274392007","29607518","2260443","1778522","34191988","470268","8833311","58086","8045"
"FAPP-cpupa","Thread","0","0","18","packB","1","840","15200512","276364705","29675028","2263796","1785782","33861989","474674","8853211","58921","8144"
"FAPP-cpupa","Thread","0","0","19","packB","1","840","15179072","275346245","29629306","2261480","1785903","34074642","471660","8854904","58314","8032"
"FAPP-cpupa","Thread","0","0","20","packB","1","840","15158432","274891942","29640768","2257872","1782564","33961451","472799","8852757","58561","7979"
"FAPP-cpupa","Thread","0","0","21","packB","1","840","15218848","275661465","29629958","2255749","1783607","33931685","471840","8856581","58664","8031"
"FAPP-cpupa","Thread","0","0","22","packB","1","840","15147424","274829148","29637274","2258398","1779056","33898235","472170","8840049","58554","7982"
"FAPP-cpupa","Thread","0","0","23","packB","1","840","15196352","275563933","29639273","2257669","1783079","34046322","472525","8854304","58753","8017"
"FAPP-cpupa","Thread","0","0","24","packB","1","840","15099872","273718723","29506090","2354818","1769996","44082138","510063","110345","8970961","98901"
"FAPP-cpupa","Thread","0","0","25","packB","1","840","15092608","273747481","29540535","2354974","1769138","34146521","512520","109664","8968609","97594"
"FAPP-cpupa","Thread","0","0","26","packB","1","840","15105248","273751990","29546234","2355595","1770441","33859656","512366","110490","8971406","100140"
"FAPP-cpupa","Thread","0","0","27","packB","1","840","15094976","273399623","29505160","2355222","1769973","34201848","509829","109574","8970214","97879"
"FAPP-cpupa","Thread","0","0","28","packB","1","840","15156544","274486503","29547693","2355772","1770767","34226048","512439","110787","8972065","99649"
"FAPP-cpupa","Thread","0","0","29","packB","1","840","15161824","274859113","29544719","2355014","1769906","33946495","512521","110791","8971899","99424"
"FAPP-cpupa","Thread","0","0","30","packB","1","840","15140064","273465899","29503654","2354203","1770277","34231444","509650","110818","8972160","100545"
"FAPP-cpupa","Thread","0","0","31","packB","1","840","15143488","274471859","29545213","2355208","1770693","33951698","512305","111001","8972287","100733"
"FAPP-cpupa","Thread","0","0","32","packB","1","840","15149216","274264532","29541617","2354249","1770637","34311156","511832","111032","8972297","101080"
"FAPP-cpupa","Thread","0","0","33","packB","1","840","15174048","274231934","29544197","2354741","1770746","34034667","511904","111227","8973027","101083"
"FAPP-cpupa","Thread","0","0","34","packB","1","840","15174816","274744287","29547122","2355134","1770890","34029005","512539","110915","8972400","100280"
"FAPP-cpupa","Thread","0","0","35","packB","1","840","15132832","273234834","29534875","2353463","1769732","34277652","511587","110712","8972192","100266"
"FAPP-cpupa","Thread","0","0","36","packB","1","840","15138144","274933423","29989701","2382868","1916885","43445868","423075","3919","49730","8882179"
"FAPP-cpupa","Thread","0","0","37","packB","1","840","15077440","273768424","29990712","2383216","1917063","33832858","422886","3822","49419","8881879"
"FAPP-cpupa","Thread","0","0","38","packB","1","840","15085632","273347577","29895259","2378953","1908324","34062887","420346","3801","49223","8865388"
"FAPP-cpupa","Thread","0","0","39","packB","1","840","15183936","274487841","29983837","2382239","1916088","34234069","422217","3799","49403","8882239"
"FAPP-cpupa","Thread","0","0","40","packB","1","840","15163488","274700286","29971528","2381222","1913782","34251069","422451","3904","49579","8878221"
"FAPP-cpupa","Thread","0","0","41","packB","1","840","15126816","273365778","29974854","2380539","1915769","34322400","421573","3786","49172","8882692"
"FAPP-cpupa","Thread","0","0","42","packB","1","840","15098304","273568683","29919593","2380767","1914508","33768024","420308","3760","49377","8880734"
"FAPP-cpupa","Thread","0","0","43","packB","1","840","15062880","272495731","29930284","2381436","1917207","34023361","419712","3737","49074","8882729"
"FAPP-cpupa","Thread","0","0","44","packB","1","840","15107552","273371820","29962872","2379067","1911223","33914838","422135","3771","49128","8877154"
"FAPP-cpupa","Thread","0","0","45","packB","1","840","15175104","274567454","29982444","2381291","1916052","33884391","422311","3756","49499","8882148"
"FAPP-cpupa","Thread","0","0","46","packB","1","840","15174368","274599420","29985946","2381256","1917236","33804228","422164","3797","49489","8883486"
"FAPP-cpupa","Thread","0","0","47","packB","1","840","15111360","273360814","29916896","2378846","1915135","33794411","419869","3715","49237","8882470"
